{
  "nodes": [
    {
      "op": "null", 
      "name": "input", 
      "inputs": []
    }, 
    {
      "op": "tvm_op", 
      "name": "fused_transpose_nn_pad", 
      "attrs": {
        "num_outputs": "1", 
        "num_inputs": "1", 
        "flatten_data": "0", 
        "func_name": "fused_transpose_nn_pad"
      }, 
      "inputs": [
        [
          0, 
          0, 
          0
        ]
      ]
    }, 
    {
      "op": "null", 
      "name": "p0", 
      "inputs": []
    }, 
    {
      "op": "tvm_op", 
      "name": "fused_nn_conv2d_19", 
      "attrs": {
        "num_outputs": "1", 
        "num_inputs": "2", 
        "flatten_data": "0", 
        "func_name": "fused_nn_conv2d_19"
      }, 
      "inputs": [
        [
          1, 
          0, 
          0
        ], 
        [
          2, 
          0, 
          0
        ]
      ]
    }, 
    {
      "op": "null", 
      "name": "p1", 
      "inputs": []
    }, 
    {
      "op": "null", 
      "name": "p2", 
      "inputs": []
    }, 
    {
      "op": "tvm_op", 
      "name": "fused_transpose_multiply_add_clip_transpose_nn_pad_17", 
      "attrs": {
        "num_outputs": "1", 
        "num_inputs": "3", 
        "flatten_data": "0", 
        "func_name": "fused_transpose_multiply_add_clip_transpose_nn_pad_17"
      }, 
      "inputs": [
        [
          3, 
          0, 
          0
        ], 
        [
          4, 
          0, 
          0
        ], 
        [
          5, 
          0, 
          0
        ]
      ]
    }, 
    {
      "op": "null", 
      "name": "p3", 
      "inputs": []
    }, 
    {
      "op": "tvm_op", 
      "name": "fused_nn_conv2d_18", 
      "attrs": {
        "num_outputs": "1", 
        "num_inputs": "2", 
        "flatten_data": "0", 
        "func_name": "fused_nn_conv2d_18"
      }, 
      "inputs": [
        [
          6, 
          0, 
          0
        ], 
        [
          7, 
          0, 
          0
        ]
      ]
    }, 
    {
      "op": "null", 
      "name": "p4", 
      "inputs": []
    }, 
    {
      "op": "null", 
      "name": "p5", 
      "inputs": []
    }, 
    {
      "op": "tvm_op", 
      "name": "fused_transpose_multiply_add_clip_transpose_nn_pad_16", 
      "attrs": {
        "num_outputs": "1", 
        "num_inputs": "3", 
        "flatten_data": "0", 
        "func_name": "fused_transpose_multiply_add_clip_transpose_nn_pad_16"
      }, 
      "inputs": [
        [
          8, 
          0, 
          0
        ], 
        [
          9, 
          0, 
          0
        ], 
        [
          10, 
          0, 
          0
        ]
      ]
    }, 
    {
      "op": "null", 
      "name": "p6", 
      "inputs": []
    }, 
    {
      "op": "tvm_op", 
      "name": "fused_nn_conv2d_17", 
      "attrs": {
        "num_outputs": "1", 
        "num_inputs": "2", 
        "flatten_data": "0", 
        "func_name": "fused_nn_conv2d_17"
      }, 
      "inputs": [
        [
          11, 
          0, 
          0
        ], 
        [
          12, 
          0, 
          0
        ]
      ]
    }, 
    {
      "op": "null", 
      "name": "p7", 
      "inputs": []
    }, 
    {
      "op": "null", 
      "name": "p8", 
      "inputs": []
    }, 
    {
      "op": "tvm_op", 
      "name": "fused_transpose_multiply_add_clip_transpose_nn_pad_15", 
      "attrs": {
        "num_outputs": "1", 
        "num_inputs": "3", 
        "flatten_data": "0", 
        "func_name": "fused_transpose_multiply_add_clip_transpose_nn_pad_15"
      }, 
      "inputs": [
        [
          13, 
          0, 
          0
        ], 
        [
          14, 
          0, 
          0
        ], 
        [
          15, 
          0, 
          0
        ]
      ]
    }, 
    {
      "op": "null", 
      "name": "p9", 
      "inputs": []
    }, 
    {
      "op": "tvm_op", 
      "name": "fused_nn_conv2d_16", 
      "attrs": {
        "num_outputs": "1", 
        "num_inputs": "2", 
        "flatten_data": "0", 
        "func_name": "fused_nn_conv2d_16"
      }, 
      "inputs": [
        [
          16, 
          0, 
          0
        ], 
        [
          17, 
          0, 
          0
        ]
      ]
    }, 
    {
      "op": "null", 
      "name": "p10", 
      "inputs": []
    }, 
    {
      "op": "null", 
      "name": "p11", 
      "inputs": []
    }, 
    {
      "op": "tvm_op", 
      "name": "fused_transpose_multiply_add_clip_transpose_nn_pad_14", 
      "attrs": {
        "num_outputs": "1", 
        "num_inputs": "3", 
        "flatten_data": "0", 
        "func_name": "fused_transpose_multiply_add_clip_transpose_nn_pad_14"
      }, 
      "inputs": [
        [
          18, 
          0, 
          0
        ], 
        [
          19, 
          0, 
          0
        ], 
        [
          20, 
          0, 
          0
        ]
      ]
    }, 
    {
      "op": "null", 
      "name": "p12", 
      "inputs": []
    }, 
    {
      "op": "tvm_op", 
      "name": "fused_nn_conv2d_15", 
      "attrs": {
        "num_outputs": "1", 
        "num_inputs": "2", 
        "flatten_data": "0", 
        "func_name": "fused_nn_conv2d_15"
      }, 
      "inputs": [
        [
          21, 
          0, 
          0
        ], 
        [
          22, 
          0, 
          0
        ]
      ]
    }, 
    {
      "op": "null", 
      "name": "p13", 
      "inputs": []
    }, 
    {
      "op": "null", 
      "name": "p14", 
      "inputs": []
    }, 
    {
      "op": "tvm_op", 
      "name": "fused_transpose_multiply_add_clip_transpose_nn_pad_13", 
      "attrs": {
        "num_outputs": "1", 
        "num_inputs": "3", 
        "flatten_data": "0", 
        "func_name": "fused_transpose_multiply_add_clip_transpose_nn_pad_13"
      }, 
      "inputs": [
        [
          23, 
          0, 
          0
        ], 
        [
          24, 
          0, 
          0
        ], 
        [
          25, 
          0, 
          0
        ]
      ]
    }, 
    {
      "op": "null", 
      "name": "p15", 
      "inputs": []
    }, 
    {
      "op": "tvm_op", 
      "name": "fused_nn_conv2d_14", 
      "attrs": {
        "num_outputs": "1", 
        "num_inputs": "2", 
        "flatten_data": "0", 
        "func_name": "fused_nn_conv2d_14"
      }, 
      "inputs": [
        [
          26, 
          0, 
          0
        ], 
        [
          27, 
          0, 
          0
        ]
      ]
    }, 
    {
      "op": "null", 
      "name": "p16", 
      "inputs": []
    }, 
    {
      "op": "null", 
      "name": "p17", 
      "inputs": []
    }, 
    {
      "op": "tvm_op", 
      "name": "fused_transpose_multiply_add_clip_transpose_nn_pad_12", 
      "attrs": {
        "num_outputs": "1", 
        "num_inputs": "3", 
        "flatten_data": "0", 
        "func_name": "fused_transpose_multiply_add_clip_transpose_nn_pad_12"
      }, 
      "inputs": [
        [
          28, 
          0, 
          0
        ], 
        [
          29, 
          0, 
          0
        ], 
        [
          30, 
          0, 
          0
        ]
      ]
    }, 
    {
      "op": "null", 
      "name": "p18", 
      "inputs": []
    }, 
    {
      "op": "tvm_op", 
      "name": "fused_nn_conv2d_13", 
      "attrs": {
        "num_outputs": "1", 
        "num_inputs": "2", 
        "flatten_data": "0", 
        "func_name": "fused_nn_conv2d_13"
      }, 
      "inputs": [
        [
          31, 
          0, 
          0
        ], 
        [
          32, 
          0, 
          0
        ]
      ]
    }, 
    {
      "op": "null", 
      "name": "p19", 
      "inputs": []
    }, 
    {
      "op": "null", 
      "name": "p20", 
      "inputs": []
    }, 
    {
      "op": "tvm_op", 
      "name": "fused_transpose_multiply_add_clip_transpose_nn_pad_11", 
      "attrs": {
        "num_outputs": "1", 
        "num_inputs": "3", 
        "flatten_data": "0", 
        "func_name": "fused_transpose_multiply_add_clip_transpose_nn_pad_11"
      }, 
      "inputs": [
        [
          33, 
          0, 
          0
        ], 
        [
          34, 
          0, 
          0
        ], 
        [
          35, 
          0, 
          0
        ]
      ]
    }, 
    {
      "op": "null", 
      "name": "p21", 
      "inputs": []
    }, 
    {
      "op": "tvm_op", 
      "name": "fused_nn_conv2d_12", 
      "attrs": {
        "num_outputs": "1", 
        "num_inputs": "2", 
        "flatten_data": "0", 
        "func_name": "fused_nn_conv2d_12"
      }, 
      "inputs": [
        [
          36, 
          0, 
          0
        ], 
        [
          37, 
          0, 
          0
        ]
      ]
    }, 
    {
      "op": "null", 
      "name": "p22", 
      "inputs": []
    }, 
    {
      "op": "null", 
      "name": "p23", 
      "inputs": []
    }, 
    {
      "op": "tvm_op", 
      "name": "fused_transpose_multiply_add_clip_transpose_nn_pad_10", 
      "attrs": {
        "num_outputs": "1", 
        "num_inputs": "3", 
        "flatten_data": "0", 
        "func_name": "fused_transpose_multiply_add_clip_transpose_nn_pad_10"
      }, 
      "inputs": [
        [
          38, 
          0, 
          0
        ], 
        [
          39, 
          0, 
          0
        ], 
        [
          40, 
          0, 
          0
        ]
      ]
    }, 
    {
      "op": "null", 
      "name": "p24", 
      "inputs": []
    }, 
    {
      "op": "tvm_op", 
      "name": "fused_nn_conv2d_11", 
      "attrs": {
        "num_outputs": "1", 
        "num_inputs": "2", 
        "flatten_data": "0", 
        "func_name": "fused_nn_conv2d_11"
      }, 
      "inputs": [
        [
          41, 
          0, 
          0
        ], 
        [
          42, 
          0, 
          0
        ]
      ]
    }, 
    {
      "op": "null", 
      "name": "p25", 
      "inputs": []
    }, 
    {
      "op": "null", 
      "name": "p26", 
      "inputs": []
    }, 
    {
      "op": "tvm_op", 
      "name": "fused_transpose_multiply_add_clip_transpose_nn_pad_9", 
      "attrs": {
        "num_outputs": "1", 
        "num_inputs": "3", 
        "flatten_data": "0", 
        "func_name": "fused_transpose_multiply_add_clip_transpose_nn_pad_9"
      }, 
      "inputs": [
        [
          43, 
          0, 
          0
        ], 
        [
          44, 
          0, 
          0
        ], 
        [
          45, 
          0, 
          0
        ]
      ]
    }, 
    {
      "op": "null", 
      "name": "p27", 
      "inputs": []
    }, 
    {
      "op": "tvm_op", 
      "name": "fused_nn_conv2d_10", 
      "attrs": {
        "num_outputs": "1", 
        "num_inputs": "2", 
        "flatten_data": "0", 
        "func_name": "fused_nn_conv2d_10"
      }, 
      "inputs": [
        [
          46, 
          0, 
          0
        ], 
        [
          47, 
          0, 
          0
        ]
      ]
    }, 
    {
      "op": "null", 
      "name": "p28", 
      "inputs": []
    }, 
    {
      "op": "null", 
      "name": "p29", 
      "inputs": []
    }, 
    {
      "op": "tvm_op", 
      "name": "fused_transpose_multiply_add_clip_transpose_nn_pad_8", 
      "attrs": {
        "num_outputs": "1", 
        "num_inputs": "3", 
        "flatten_data": "0", 
        "func_name": "fused_transpose_multiply_add_clip_transpose_nn_pad_8"
      }, 
      "inputs": [
        [
          48, 
          0, 
          0
        ], 
        [
          49, 
          0, 
          0
        ], 
        [
          50, 
          0, 
          0
        ]
      ]
    }, 
    {
      "op": "null", 
      "name": "p30", 
      "inputs": []
    }, 
    {
      "op": "tvm_op", 
      "name": "fused_nn_conv2d_9", 
      "attrs": {
        "num_outputs": "1", 
        "num_inputs": "2", 
        "flatten_data": "0", 
        "func_name": "fused_nn_conv2d_9"
      }, 
      "inputs": [
        [
          51, 
          0, 
          0
        ], 
        [
          52, 
          0, 
          0
        ]
      ]
    }, 
    {
      "op": "null", 
      "name": "p31", 
      "inputs": []
    }, 
    {
      "op": "null", 
      "name": "p32", 
      "inputs": []
    }, 
    {
      "op": "tvm_op", 
      "name": "fused_transpose_multiply_add_clip_transpose_nn_pad_7", 
      "attrs": {
        "num_outputs": "1", 
        "num_inputs": "3", 
        "flatten_data": "0", 
        "func_name": "fused_transpose_multiply_add_clip_transpose_nn_pad_7"
      }, 
      "inputs": [
        [
          53, 
          0, 
          0
        ], 
        [
          54, 
          0, 
          0
        ], 
        [
          55, 
          0, 
          0
        ]
      ]
    }, 
    {
      "op": "null", 
      "name": "p33", 
      "inputs": []
    }, 
    {
      "op": "tvm_op", 
      "name": "fused_nn_conv2d_8", 
      "attrs": {
        "num_outputs": "1", 
        "num_inputs": "2", 
        "flatten_data": "0", 
        "func_name": "fused_nn_conv2d_8"
      }, 
      "inputs": [
        [
          56, 
          0, 
          0
        ], 
        [
          57, 
          0, 
          0
        ]
      ]
    }, 
    {
      "op": "null", 
      "name": "p34", 
      "inputs": []
    }, 
    {
      "op": "null", 
      "name": "p35", 
      "inputs": []
    }, 
    {
      "op": "tvm_op", 
      "name": "fused_transpose_multiply_add_clip_transpose_nn_pad_6", 
      "attrs": {
        "num_outputs": "1", 
        "num_inputs": "3", 
        "flatten_data": "0", 
        "func_name": "fused_transpose_multiply_add_clip_transpose_nn_pad_6"
      }, 
      "inputs": [
        [
          58, 
          0, 
          0
        ], 
        [
          59, 
          0, 
          0
        ], 
        [
          60, 
          0, 
          0
        ]
      ]
    }, 
    {
      "op": "null", 
      "name": "p36", 
      "inputs": []
    }, 
    {
      "op": "tvm_op", 
      "name": "fused_nn_conv2d_7", 
      "attrs": {
        "num_outputs": "1", 
        "num_inputs": "2", 
        "flatten_data": "0", 
        "func_name": "fused_nn_conv2d_7"
      }, 
      "inputs": [
        [
          61, 
          0, 
          0
        ], 
        [
          62, 
          0, 
          0
        ]
      ]
    }, 
    {
      "op": "null", 
      "name": "p37", 
      "inputs": []
    }, 
    {
      "op": "null", 
      "name": "p38", 
      "inputs": []
    }, 
    {
      "op": "tvm_op", 
      "name": "fused_transpose_multiply_add_clip_transpose_nn_pad_5", 
      "attrs": {
        "num_outputs": "1", 
        "num_inputs": "3", 
        "flatten_data": "0", 
        "func_name": "fused_transpose_multiply_add_clip_transpose_nn_pad_5"
      }, 
      "inputs": [
        [
          63, 
          0, 
          0
        ], 
        [
          64, 
          0, 
          0
        ], 
        [
          65, 
          0, 
          0
        ]
      ]
    }, 
    {
      "op": "null", 
      "name": "p39", 
      "inputs": []
    }, 
    {
      "op": "tvm_op", 
      "name": "fused_nn_conv2d_6", 
      "attrs": {
        "num_outputs": "1", 
        "num_inputs": "2", 
        "flatten_data": "0", 
        "func_name": "fused_nn_conv2d_6"
      }, 
      "inputs": [
        [
          66, 
          0, 
          0
        ], 
        [
          67, 
          0, 
          0
        ]
      ]
    }, 
    {
      "op": "null", 
      "name": "p40", 
      "inputs": []
    }, 
    {
      "op": "null", 
      "name": "p41", 
      "inputs": []
    }, 
    {
      "op": "tvm_op", 
      "name": "fused_transpose_multiply_add_clip_transpose_nn_pad_4", 
      "attrs": {
        "num_outputs": "1", 
        "num_inputs": "3", 
        "flatten_data": "0", 
        "func_name": "fused_transpose_multiply_add_clip_transpose_nn_pad_4"
      }, 
      "inputs": [
        [
          68, 
          0, 
          0
        ], 
        [
          69, 
          0, 
          0
        ], 
        [
          70, 
          0, 
          0
        ]
      ]
    }, 
    {
      "op": "null", 
      "name": "p42", 
      "inputs": []
    }, 
    {
      "op": "tvm_op", 
      "name": "fused_nn_conv2d_5", 
      "attrs": {
        "num_outputs": "1", 
        "num_inputs": "2", 
        "flatten_data": "0", 
        "func_name": "fused_nn_conv2d_5"
      }, 
      "inputs": [
        [
          71, 
          0, 
          0
        ], 
        [
          72, 
          0, 
          0
        ]
      ]
    }, 
    {
      "op": "null", 
      "name": "p43", 
      "inputs": []
    }, 
    {
      "op": "null", 
      "name": "p44", 
      "inputs": []
    }, 
    {
      "op": "tvm_op", 
      "name": "fused_transpose_multiply_add_clip_transpose_nn_pad_51", 
      "attrs": {
        "num_outputs": "1", 
        "num_inputs": "3", 
        "flatten_data": "0", 
        "func_name": "fused_transpose_multiply_add_clip_transpose_nn_pad_5"
      }, 
      "inputs": [
        [
          73, 
          0, 
          0
        ], 
        [
          74, 
          0, 
          0
        ], 
        [
          75, 
          0, 
          0
        ]
      ]
    }, 
    {
      "op": "null", 
      "name": "p45", 
      "inputs": []
    }, 
    {
      "op": "tvm_op", 
      "name": "fused_nn_conv2d_61", 
      "attrs": {
        "num_outputs": "1", 
        "num_inputs": "2", 
        "flatten_data": "0", 
        "func_name": "fused_nn_conv2d_6"
      }, 
      "inputs": [
        [
          76, 
          0, 
          0
        ], 
        [
          77, 
          0, 
          0
        ]
      ]
    }, 
    {
      "op": "null", 
      "name": "p46", 
      "inputs": []
    }, 
    {
      "op": "null", 
      "name": "p47", 
      "inputs": []
    }, 
    {
      "op": "tvm_op", 
      "name": "fused_transpose_multiply_add_clip_transpose_nn_pad_41", 
      "attrs": {
        "num_outputs": "1", 
        "num_inputs": "3", 
        "flatten_data": "0", 
        "func_name": "fused_transpose_multiply_add_clip_transpose_nn_pad_4"
      }, 
      "inputs": [
        [
          78, 
          0, 
          0
        ], 
        [
          79, 
          0, 
          0
        ], 
        [
          80, 
          0, 
          0
        ]
      ]
    }, 
    {
      "op": "null", 
      "name": "p48", 
      "inputs": []
    }, 
    {
      "op": "tvm_op", 
      "name": "fused_nn_conv2d_51", 
      "attrs": {
        "num_outputs": "1", 
        "num_inputs": "2", 
        "flatten_data": "0", 
        "func_name": "fused_nn_conv2d_5"
      }, 
      "inputs": [
        [
          81, 
          0, 
          0
        ], 
        [
          82, 
          0, 
          0
        ]
      ]
    }, 
    {
      "op": "null", 
      "name": "p49", 
      "inputs": []
    }, 
    {
      "op": "null", 
      "name": "p50", 
      "inputs": []
    }, 
    {
      "op": "tvm_op", 
      "name": "fused_transpose_multiply_add_clip_transpose_nn_pad_52", 
      "attrs": {
        "num_outputs": "1", 
        "num_inputs": "3", 
        "flatten_data": "0", 
        "func_name": "fused_transpose_multiply_add_clip_transpose_nn_pad_5"
      }, 
      "inputs": [
        [
          83, 
          0, 
          0
        ], 
        [
          84, 
          0, 
          0
        ], 
        [
          85, 
          0, 
          0
        ]
      ]
    }, 
    {
      "op": "null", 
      "name": "p51", 
      "inputs": []
    }, 
    {
      "op": "tvm_op", 
      "name": "fused_nn_conv2d_62", 
      "attrs": {
        "num_outputs": "1", 
        "num_inputs": "2", 
        "flatten_data": "0", 
        "func_name": "fused_nn_conv2d_6"
      }, 
      "inputs": [
        [
          86, 
          0, 
          0
        ], 
        [
          87, 
          0, 
          0
        ]
      ]
    }, 
    {
      "op": "null", 
      "name": "p52", 
      "inputs": []
    }, 
    {
      "op": "null", 
      "name": "p53", 
      "inputs": []
    }, 
    {
      "op": "tvm_op", 
      "name": "fused_transpose_multiply_add_clip_transpose_nn_pad_42", 
      "attrs": {
        "num_outputs": "1", 
        "num_inputs": "3", 
        "flatten_data": "0", 
        "func_name": "fused_transpose_multiply_add_clip_transpose_nn_pad_4"
      }, 
      "inputs": [
        [
          88, 
          0, 
          0
        ], 
        [
          89, 
          0, 
          0
        ], 
        [
          90, 
          0, 
          0
        ]
      ]
    }, 
    {
      "op": "null", 
      "name": "p54", 
      "inputs": []
    }, 
    {
      "op": "tvm_op", 
      "name": "fused_nn_conv2d_52", 
      "attrs": {
        "num_outputs": "1", 
        "num_inputs": "2", 
        "flatten_data": "0", 
        "func_name": "fused_nn_conv2d_5"
      }, 
      "inputs": [
        [
          91, 
          0, 
          0
        ], 
        [
          92, 
          0, 
          0
        ]
      ]
    }, 
    {
      "op": "null", 
      "name": "p55", 
      "inputs": []
    }, 
    {
      "op": "null", 
      "name": "p56", 
      "inputs": []
    }, 
    {
      "op": "tvm_op", 
      "name": "fused_transpose_multiply_add_clip_transpose_nn_pad_53", 
      "attrs": {
        "num_outputs": "1", 
        "num_inputs": "3", 
        "flatten_data": "0", 
        "func_name": "fused_transpose_multiply_add_clip_transpose_nn_pad_5"
      }, 
      "inputs": [
        [
          93, 
          0, 
          0
        ], 
        [
          94, 
          0, 
          0
        ], 
        [
          95, 
          0, 
          0
        ]
      ]
    }, 
    {
      "op": "null", 
      "name": "p57", 
      "inputs": []
    }, 
    {
      "op": "tvm_op", 
      "name": "fused_nn_conv2d_63", 
      "attrs": {
        "num_outputs": "1", 
        "num_inputs": "2", 
        "flatten_data": "0", 
        "func_name": "fused_nn_conv2d_6"
      }, 
      "inputs": [
        [
          96, 
          0, 
          0
        ], 
        [
          97, 
          0, 
          0
        ]
      ]
    }, 
    {
      "op": "null", 
      "name": "p58", 
      "inputs": []
    }, 
    {
      "op": "null", 
      "name": "p59", 
      "inputs": []
    }, 
    {
      "op": "tvm_op", 
      "name": "fused_transpose_multiply_add_clip_transpose_nn_pad_43", 
      "attrs": {
        "num_outputs": "1", 
        "num_inputs": "3", 
        "flatten_data": "0", 
        "func_name": "fused_transpose_multiply_add_clip_transpose_nn_pad_4"
      }, 
      "inputs": [
        [
          98, 
          0, 
          0
        ], 
        [
          99, 
          0, 
          0
        ], 
        [
          100, 
          0, 
          0
        ]
      ]
    }, 
    {
      "op": "null", 
      "name": "p60", 
      "inputs": []
    }, 
    {
      "op": "tvm_op", 
      "name": "fused_nn_conv2d_53", 
      "attrs": {
        "num_outputs": "1", 
        "num_inputs": "2", 
        "flatten_data": "0", 
        "func_name": "fused_nn_conv2d_5"
      }, 
      "inputs": [
        [
          101, 
          0, 
          0
        ], 
        [
          102, 
          0, 
          0
        ]
      ]
    }, 
    {
      "op": "null", 
      "name": "p61", 
      "inputs": []
    }, 
    {
      "op": "null", 
      "name": "p62", 
      "inputs": []
    }, 
    {
      "op": "tvm_op", 
      "name": "fused_transpose_multiply_add_clip_transpose_nn_pad_54", 
      "attrs": {
        "num_outputs": "1", 
        "num_inputs": "3", 
        "flatten_data": "0", 
        "func_name": "fused_transpose_multiply_add_clip_transpose_nn_pad_5"
      }, 
      "inputs": [
        [
          103, 
          0, 
          0
        ], 
        [
          104, 
          0, 
          0
        ], 
        [
          105, 
          0, 
          0
        ]
      ]
    }, 
    {
      "op": "null", 
      "name": "p63", 
      "inputs": []
    }, 
    {
      "op": "tvm_op", 
      "name": "fused_nn_conv2d_64", 
      "attrs": {
        "num_outputs": "1", 
        "num_inputs": "2", 
        "flatten_data": "0", 
        "func_name": "fused_nn_conv2d_6"
      }, 
      "inputs": [
        [
          106, 
          0, 
          0
        ], 
        [
          107, 
          0, 
          0
        ]
      ]
    }, 
    {
      "op": "null", 
      "name": "p64", 
      "inputs": []
    }, 
    {
      "op": "null", 
      "name": "p65", 
      "inputs": []
    }, 
    {
      "op": "tvm_op", 
      "name": "fused_transpose_multiply_add_clip_transpose_nn_pad_44", 
      "attrs": {
        "num_outputs": "1", 
        "num_inputs": "3", 
        "flatten_data": "0", 
        "func_name": "fused_transpose_multiply_add_clip_transpose_nn_pad_4"
      }, 
      "inputs": [
        [
          108, 
          0, 
          0
        ], 
        [
          109, 
          0, 
          0
        ], 
        [
          110, 
          0, 
          0
        ]
      ]
    }, 
    {
      "op": "null", 
      "name": "p66", 
      "inputs": []
    }, 
    {
      "op": "tvm_op", 
      "name": "fused_nn_conv2d_54", 
      "attrs": {
        "num_outputs": "1", 
        "num_inputs": "2", 
        "flatten_data": "0", 
        "func_name": "fused_nn_conv2d_5"
      }, 
      "inputs": [
        [
          111, 
          0, 
          0
        ], 
        [
          112, 
          0, 
          0
        ]
      ]
    }, 
    {
      "op": "null", 
      "name": "p67", 
      "inputs": []
    }, 
    {
      "op": "null", 
      "name": "p68", 
      "inputs": []
    }, 
    {
      "op": "tvm_op", 
      "name": "fused_transpose_multiply_add_clip_transpose_nn_pad_3", 
      "attrs": {
        "num_outputs": "1", 
        "num_inputs": "3", 
        "flatten_data": "0", 
        "func_name": "fused_transpose_multiply_add_clip_transpose_nn_pad_3"
      }, 
      "inputs": [
        [
          113, 
          0, 
          0
        ], 
        [
          114, 
          0, 
          0
        ], 
        [
          115, 
          0, 
          0
        ]
      ]
    }, 
    {
      "op": "null", 
      "name": "p69", 
      "inputs": []
    }, 
    {
      "op": "tvm_op", 
      "name": "fused_nn_conv2d_4", 
      "attrs": {
        "num_outputs": "1", 
        "num_inputs": "2", 
        "flatten_data": "0", 
        "func_name": "fused_nn_conv2d_4"
      }, 
      "inputs": [
        [
          116, 
          0, 
          0
        ], 
        [
          117, 
          0, 
          0
        ]
      ]
    }, 
    {
      "op": "null", 
      "name": "p70", 
      "inputs": []
    }, 
    {
      "op": "null", 
      "name": "p71", 
      "inputs": []
    }, 
    {
      "op": "tvm_op", 
      "name": "fused_transpose_multiply_add_clip_transpose_nn_pad_2", 
      "attrs": {
        "num_outputs": "1", 
        "num_inputs": "3", 
        "flatten_data": "0", 
        "func_name": "fused_transpose_multiply_add_clip_transpose_nn_pad_2"
      }, 
      "inputs": [
        [
          118, 
          0, 
          0
        ], 
        [
          119, 
          0, 
          0
        ], 
        [
          120, 
          0, 
          0
        ]
      ]
    }, 
    {
      "op": "null", 
      "name": "p72", 
      "inputs": []
    }, 
    {
      "op": "tvm_op", 
      "name": "fused_nn_conv2d_3", 
      "attrs": {
        "num_outputs": "1", 
        "num_inputs": "2", 
        "flatten_data": "0", 
        "func_name": "fused_nn_conv2d_3"
      }, 
      "inputs": [
        [
          121, 
          0, 
          0
        ], 
        [
          122, 
          0, 
          0
        ]
      ]
    }, 
    {
      "op": "null", 
      "name": "p73", 
      "inputs": []
    }, 
    {
      "op": "null", 
      "name": "p74", 
      "inputs": []
    }, 
    {
      "op": "tvm_op", 
      "name": "fused_transpose_multiply_add_clip_transpose_nn_pad_1", 
      "attrs": {
        "num_outputs": "1", 
        "num_inputs": "3", 
        "flatten_data": "0", 
        "func_name": "fused_transpose_multiply_add_clip_transpose_nn_pad_1"
      }, 
      "inputs": [
        [
          123, 
          0, 
          0
        ], 
        [
          124, 
          0, 
          0
        ], 
        [
          125, 
          0, 
          0
        ]
      ]
    }, 
    {
      "op": "null", 
      "name": "p75", 
      "inputs": []
    }, 
    {
      "op": "tvm_op", 
      "name": "fused_nn_conv2d_2", 
      "attrs": {
        "num_outputs": "1", 
        "num_inputs": "2", 
        "flatten_data": "0", 
        "func_name": "fused_nn_conv2d_2"
      }, 
      "inputs": [
        [
          126, 
          0, 
          0
        ], 
        [
          127, 
          0, 
          0
        ]
      ]
    }, 
    {
      "op": "null", 
      "name": "p76", 
      "inputs": []
    }, 
    {
      "op": "null", 
      "name": "p77", 
      "inputs": []
    }, 
    {
      "op": "tvm_op", 
      "name": "fused_transpose_multiply_add_clip_transpose_nn_pad", 
      "attrs": {
        "num_outputs": "1", 
        "num_inputs": "3", 
        "flatten_data": "0", 
        "func_name": "fused_transpose_multiply_add_clip_transpose_nn_pad"
      }, 
      "inputs": [
        [
          128, 
          0, 
          0
        ], 
        [
          129, 
          0, 
          0
        ], 
        [
          130, 
          0, 
          0
        ]
      ]
    }, 
    {
      "op": "null", 
      "name": "p78", 
      "inputs": []
    }, 
    {
      "op": "tvm_op", 
      "name": "fused_nn_conv2d_1", 
      "attrs": {
        "num_outputs": "1", 
        "num_inputs": "2", 
        "flatten_data": "0", 
        "func_name": "fused_nn_conv2d_1"
      }, 
      "inputs": [
        [
          131, 
          0, 
          0
        ], 
        [
          132, 
          0, 
          0
        ]
      ]
    }, 
    {
      "op": "null", 
      "name": "p79", 
      "inputs": []
    }, 
    {
      "op": "null", 
      "name": "p80", 
      "inputs": []
    }, 
    {
      "op": "tvm_op", 
      "name": "fused_transpose_multiply_add_clip_transpose", 
      "attrs": {
        "num_outputs": "1", 
        "num_inputs": "3", 
        "flatten_data": "0", 
        "func_name": "fused_transpose_multiply_add_clip_transpose"
      }, 
      "inputs": [
        [
          133, 
          0, 
          0
        ], 
        [
          134, 
          0, 
          0
        ], 
        [
          135, 
          0, 
          0
        ]
      ]
    }, 
    {
      "op": "tvm_op", 
      "name": "fused_nn_avg_pool2d", 
      "attrs": {
        "num_outputs": "1", 
        "num_inputs": "1", 
        "flatten_data": "0", 
        "func_name": "fused_nn_avg_pool2d"
      }, 
      "inputs": [
        [
          136, 
          0, 
          0
        ]
      ]
    }, 
    {
      "op": "tvm_op", 
      "name": "fused_transpose_transpose_nn_pad", 
      "attrs": {
        "num_outputs": "1", 
        "num_inputs": "1", 
        "flatten_data": "0", 
        "func_name": "fused_transpose_transpose_nn_pad"
      }, 
      "inputs": [
        [
          137, 
          0, 
          0
        ]
      ]
    }, 
    {
      "op": "null", 
      "name": "p81", 
      "inputs": []
    }, 
    {
      "op": "tvm_op", 
      "name": "fused_nn_conv2d", 
      "attrs": {
        "num_outputs": "1", 
        "num_inputs": "2", 
        "flatten_data": "0", 
        "func_name": "fused_nn_conv2d"
      }, 
      "inputs": [
        [
          138, 
          0, 
          0
        ], 
        [
          139, 
          0, 
          0
        ]
      ]
    }, 
    {
      "op": "null", 
      "name": "p82", 
      "inputs": []
    }, 
    {
      "op": "tvm_op", 
      "name": "fused_transpose_add_squeeze_reshape", 
      "attrs": {
        "num_outputs": "1", 
        "num_inputs": "2", 
        "flatten_data": "0", 
        "func_name": "fused_transpose_add_squeeze_reshape"
      }, 
      "inputs": [
        [
          140, 
          0, 
          0
        ], 
        [
          141, 
          0, 
          0
        ]
      ]
    }, 
    {
      "op": "tvm_op", 
      "name": "fused_nn_softmax", 
      "attrs": {
        "num_outputs": "1", 
        "num_inputs": "1", 
        "flatten_data": "0", 
        "func_name": "fused_nn_softmax"
      }, 
      "inputs": [
        [
          142, 
          0, 
          0
        ]
      ]
    }, 
    {
      "op": "tvm_op", 
      "name": "fused_reshape", 
      "attrs": {
        "num_outputs": "1", 
        "num_inputs": "1", 
        "flatten_data": "0", 
        "func_name": "fused_reshape"
      }, 
      "inputs": [
        [
          143, 
          0, 
          0
        ]
      ]
    }
  ], 
  "arg_nodes": [
    0, 
    2, 
    4, 
    5, 
    7, 
    9, 
    10, 
    12, 
    14, 
    15, 
    17, 
    19, 
    20, 
    22, 
    24, 
    25, 
    27, 
    29, 
    30, 
    32, 
    34, 
    35, 
    37, 
    39, 
    40, 
    42, 
    44, 
    45, 
    47, 
    49, 
    50, 
    52, 
    54, 
    55, 
    57, 
    59, 
    60, 
    62, 
    64, 
    65, 
    67, 
    69, 
    70, 
    72, 
    74, 
    75, 
    77, 
    79, 
    80, 
    82, 
    84, 
    85, 
    87, 
    89, 
    90, 
    92, 
    94, 
    95, 
    97, 
    99, 
    100, 
    102, 
    104, 
    105, 
    107, 
    109, 
    110, 
    112, 
    114, 
    115, 
    117, 
    119, 
    120, 
    122, 
    124, 
    125, 
    127, 
    129, 
    130, 
    132, 
    134, 
    135, 
    139, 
    141
  ], 
  "heads": [
    [
      144, 
      0, 
      0
    ]
  ], 
  "attrs": {
    "dltype": [
      "list_str", 
      [
        "float32", 
        "float32", 
        "float32", 
        "float32", 
        "float32", 
        "float32", 
        "float32", 
        "float32", 
        "float32", 
        "float32", 
        "float32", 
        "float32", 
        "float32", 
        "float32", 
        "float32", 
        "float32", 
        "float32", 
        "float32", 
        "float32", 
        "float32", 
        "float32", 
        "float32", 
        "float32", 
        "float32", 
        "float32", 
        "float32", 
        "float32", 
        "float32", 
        "float32", 
        "float32", 
        "float32", 
        "float32", 
        "float32", 
        "float32", 
        "float32", 
        "float32", 
        "float32", 
        "float32", 
        "float32", 
        "float32", 
        "float32", 
        "float32", 
        "float32", 
        "float32", 
        "float32", 
        "float32", 
        "float32", 
        "float32", 
        "float32", 
        "float32", 
        "float32", 
        "float32", 
        "float32", 
        "float32", 
        "float32", 
        "float32", 
        "float32", 
        "float32", 
        "float32", 
        "float32", 
        "float32", 
        "float32", 
        "float32", 
        "float32", 
        "float32", 
        "float32", 
        "float32", 
        "float32", 
        "float32", 
        "float32", 
        "float32", 
        "float32", 
        "float32", 
        "float32", 
        "float32", 
        "float32", 
        "float32", 
        "float32", 
        "float32", 
        "float32", 
        "float32", 
        "float32", 
        "float32", 
        "float32", 
        "float32", 
        "float32", 
        "float32", 
        "float32", 
        "float32", 
        "float32", 
        "float32", 
        "float32", 
        "float32", 
        "float32", 
        "float32", 
        "float32", 
        "float32", 
        "float32", 
        "float32", 
        "float32", 
        "float32", 
        "float32", 
        "float32", 
        "float32", 
        "float32", 
        "float32", 
        "float32", 
        "float32", 
        "float32", 
        "float32", 
        "float32", 
        "float32", 
        "float32", 
        "float32", 
        "float32", 
        "float32", 
        "float32", 
        "float32", 
        "float32", 
        "float32", 
        "float32", 
        "float32", 
        "float32", 
        "float32", 
        "float32", 
        "float32", 
        "float32", 
        "float32", 
        "float32", 
        "float32", 
        "float32", 
        "float32", 
        "float32", 
        "float32", 
        "float32", 
        "float32", 
        "float32", 
        "float32", 
        "float32", 
        "float32", 
        "float32", 
        "float32", 
        "float32", 
        "float32", 
        "float32"
      ]
    ], 
    "storage_id": [
      "list_int", 
      [
        0, 
        1, 
        2, 
        3, 
        4, 
        5, 
        1, 
        6, 
        3, 
        7, 
        8, 
        1, 
        9, 
        3, 
        10, 
        11, 
        1, 
        12, 
        3, 
        13, 
        14, 
        1, 
        15, 
        3, 
        16, 
        17, 
        1, 
        18, 
        3, 
        19, 
        20, 
        1, 
        21, 
        3, 
        22, 
        23, 
        1, 
        24, 
        3, 
        25, 
        26, 
        1, 
        27, 
        3, 
        28, 
        29, 
        1, 
        30, 
        3, 
        31, 
        32, 
        1, 
        33, 
        3, 
        34, 
        35, 
        1, 
        36, 
        3, 
        37, 
        38, 
        39, 
        40, 
        3, 
        41, 
        42, 
        1, 
        43, 
        3, 
        44, 
        45, 
        1, 
        46, 
        3, 
        47, 
        48, 
        1, 
        49, 
        3, 
        50, 
        51, 
        1, 
        52, 
        3, 
        53, 
        54, 
        1, 
        55, 
        3, 
        56, 
        57, 
        1, 
        58, 
        3, 
        59, 
        60, 
        1, 
        61, 
        3, 
        62, 
        63, 
        1, 
        64, 
        3, 
        65, 
        66, 
        1, 
        67, 
        3, 
        68, 
        69, 
        1, 
        70, 
        3, 
        71, 
        72, 
        1, 
        73, 
        39, 
        74, 
        75, 
        76, 
        77, 
        39, 
        78, 
        79, 
        3, 
        80, 
        39, 
        81, 
        82, 
        3, 
        83, 
        39, 
        84, 
        85, 
        3, 
        86, 
        87, 
        88, 
        86, 
        89, 
        87, 
        86, 
        87
      ]
    ], 
    "shape": [
      "list_shape", 
      [
        [1, 224, 224, 3], 
        [1, 3, 225, 225], 
        [32, 3, 3, 3], 
        [1, 32, 112, 112], 
        [32], 
        [32], 
        [1, 32, 114, 114], 
        [32, 1, 3, 3], 
        [1, 32, 112, 112], 
        [32], 
        [32], 
        [1, 32, 112, 112], 
        [4, 32, 1, 1, 16], 
        [1, 64, 112, 112], 
        [64], 
        [64], 
        [1, 64, 113, 113], 
        [64, 1, 3, 3], 
        [1, 64, 56, 56], 
        [64], 
        [64], 
        [1, 64, 56, 56], 
        [8, 64, 1, 1, 16], 
        [1, 128, 56, 56], 
        [128], 
        [128], 
        [1, 128, 58, 58], 
        [128, 1, 3, 3], 
        [1, 128, 56, 56], 
        [128], 
        [128], 
        [1, 128, 56, 56], 
        [8, 128, 1, 1, 16], 
        [1, 128, 56, 56], 
        [128], 
        [128], 
        [1, 128, 57, 57], 
        [128, 1, 3, 3], 
        [1, 128, 28, 28], 
        [128], 
        [128], 
        [1, 128, 28, 28], 
        [32, 128, 1, 1, 8], 
        [1, 256, 28, 28], 
        [256], 
        [256], 
        [1, 256, 30, 30], 
        [256, 1, 3, 3], 
        [1, 256, 28, 28], 
        [256], 
        [256], 
        [1, 256, 28, 28], 
        [32, 256, 1, 1, 8], 
        [1, 256, 28, 28], 
        [256], 
        [256], 
        [1, 256, 29, 29], 
        [256, 1, 3, 3], 
        [1, 256, 14, 14], 
        [256], 
        [256], 
        [1, 256, 14, 14], 
        [64, 256, 1, 1, 8], 
        [1, 512, 14, 14], 
        [512], 
        [512], 
        [1, 512, 16, 16], 
        [512, 1, 3, 3], 
        [1, 512, 14, 14], 
        [512], 
        [512], 
        [1, 512, 14, 14], 
        [64, 512, 1, 1, 8], 
        [1, 512, 14, 14], 
        [512], 
        [512], 
        [1, 512, 16, 16], 
        [512, 1, 3, 3], 
        [1, 512, 14, 14], 
        [512], 
        [512], 
        [1, 512, 14, 14], 
        [64, 512, 1, 1, 8], 
        [1, 512, 14, 14], 
        [512], 
        [512], 
        [1, 512, 16, 16], 
        [512, 1, 3, 3], 
        [1, 512, 14, 14], 
        [512], 
        [512], 
        [1, 512, 14, 14], 
        [64, 512, 1, 1, 8], 
        [1, 512, 14, 14], 
        [512], 
        [512], 
        [1, 512, 16, 16], 
        [512, 1, 3, 3], 
        [1, 512, 14, 14], 
        [512], 
        [512], 
        [1, 512, 14, 14], 
        [64, 512, 1, 1, 8], 
        [1, 512, 14, 14], 
        [512], 
        [512], 
        [1, 512, 16, 16], 
        [512, 1, 3, 3], 
        [1, 512, 14, 14], 
        [512], 
        [512], 
        [1, 512, 14, 14], 
        [64, 512, 1, 1, 8], 
        [1, 512, 14, 14], 
        [512], 
        [512], 
        [1, 512, 15, 15], 
        [512, 1, 3, 3], 
        [1, 512, 7, 7], 
        [512], 
        [512], 
        [1, 512, 7, 7], 
        [64, 512, 1, 1, 16], 
        [1, 1024, 7, 7], 
        [1024], 
        [1024], 
        [1, 1024, 9, 9], 
        [1024, 1, 3, 3], 
        [1, 1024, 7, 7], 
        [1024], 
        [1024], 
        [1, 1024, 7, 7], 
        [64, 1024, 1, 1, 16], 
        [1, 1024, 7, 7], 
        [1024], 
        [1024], 
        [1, 1024, 7, 7], 
        [1, 1024, 1, 1], 
        [1, 1024, 1, 1], 
        [1001, 1024, 1, 1], 
        [1, 1001, 1, 1], 
        [1001], 
        [1, 1001], 
        [1, 1001], 
        [1, 1001]
      ]
    ]
  }, 
  "node_row_ptr": [
    0, 
    1, 
    2, 
    3, 
    4, 
    5, 
    6, 
    7, 
    8, 
    9, 
    10, 
    11, 
    12, 
    13, 
    14, 
    15, 
    16, 
    17, 
    18, 
    19, 
    20, 
    21, 
    22, 
    23, 
    24, 
    25, 
    26, 
    27, 
    28, 
    29, 
    30, 
    31, 
    32, 
    33, 
    34, 
    35, 
    36, 
    37, 
    38, 
    39, 
    40, 
    41, 
    42, 
    43, 
    44, 
    45, 
    46, 
    47, 
    48, 
    49, 
    50, 
    51, 
    52, 
    53, 
    54, 
    55, 
    56, 
    57, 
    58, 
    59, 
    60, 
    61, 
    62, 
    63, 
    64, 
    65, 
    66, 
    67, 
    68, 
    69, 
    70, 
    71, 
    72, 
    73, 
    74, 
    75, 
    76, 
    77, 
    78, 
    79, 
    80, 
    81, 
    82, 
    83, 
    84, 
    85, 
    86, 
    87, 
    88, 
    89, 
    90, 
    91, 
    92, 
    93, 
    94, 
    95, 
    96, 
    97, 
    98, 
    99, 
    100, 
    101, 
    102, 
    103, 
    104, 
    105, 
    106, 
    107, 
    108, 
    109, 
    110, 
    111, 
    112, 
    113, 
    114, 
    115, 
    116, 
    117, 
    118, 
    119, 
    120, 
    121, 
    122, 
    123, 
    124, 
    125, 
    126, 
    127, 
    128, 
    129, 
    130, 
    131, 
    132, 
    133, 
    134, 
    135, 
    136, 
    137, 
    138, 
    139, 
    140, 
    141, 
    142, 
    143, 
    144, 
    145
  ]
}